order_id,order_date,store_id,product_id,customer_id,quantity,unit_price,discount,status
ORD1001,2026-01-03,ST01,P001,C001,2.0,500,0,Completed
ORD1002,2026-01-03,ST01,P002,C002,1.0,1200,100,Completed
ORD1003,2026-01-04,ST02,P003,C003,3.0,250,0,Completed
ORD1004,2026-01-04,ST01,P004,C004,1.0,800,50,Completed
ORD1005,2026-01-05,ST03,P001,C005,2.0,500,0,Completed
ORD1006,2026-01-05,ST02,P005,C006,1.0,1500,200,Completed
ORD1007,2026-01-06,ST01,P006,C007,4.0,150,0,Completed
ORD1008,2026-01-06,ST03,P002,C008,1.0,1200,0,Completed
ORD1009,2026-01-07,ST02,P003,C009,2.0,250,0,Completed
ORD1010,2026-01-07,ST01,P007,C010,1.0,2200,200,Completed
ORD1011,2026-01-08,ST03,P004,C011,2.0,800,100,Completed
ORD1012,2026-01-08,ST02,P005,C012,1.0,1500,0,Completed
ORD1013,2026-01-09,ST01,P001,C013,1.0,500,0,Completed
ORD1014,2026-01-09,ST03,P006,C014,2.0,150,0,Completed
ORD1015,2026-01-10,ST02,P007,C015,1.0,2200,0,Completed
ORD1016,2026-01-10,ST01,P002,C016,2.0,1200,100,Completed
ORD1017,2026-01-11,ST03,P003,C017,1.0,250,0,Completed
ORD1018,2026-01-11,ST02,P004,C018,1.0,800,0,Completed
ORD1019,2026-01-12,ST01,P005,C019,2.0,1500,100,Completed
ORD1020,2026-01-12,ST03,P007,C020,1.0,2200,200,Completed
ORD1021,2026-01-13,ST02,P001,C021,3.0,500,0,Completed
ORD1022,2026-01-13,ST01,P006,C022,1.0,150,0,Completed
ORD1023,2026-01-14,ST03,P002,C023,1.0,1200,100,Completed
ORD1024,2026-01-14,ST02,P005,C024,2.0,1500,0,Completed
ORD1025,2026-01-15,ST01,P003,C025,2.0,250,0,Completed
ORD1026,2026-01-15,ST03,P004,C026,1.0,800,0,Completed
ORD1027,2026-01-16,ST02,P007,C027,1.0,2200,100,Completed
ORD1028,2026-01-16,ST01,P001,C028,2.0,500,0,Completed
ORD1029,2026-01-17,ST03,P005,C029,1.0,1500,0,Completed
ORD1030,2026-01-17,ST02,P002,C030,1.0,1200,0,Completed
ORD1031,2026-01-18,ST01,P004,C031,2.0,800,100,Completed
ORD1032,2026-01-18,ST03,P006,C032,3.0,150,0,Completed
ORD1033,2026-01-19,ST02,P003,C033,1.0,250,0,Completed
ORD1034,2026-01-19,ST01,P007,C034,1.0,2200,200,Completed
ORD1035,2026-01-20,ST03,P001,C035,1.0,500,0,Completed
ORD1036,2026-01-20,ST02,P005,C036,2.0,1500,100,Completed
ORD1037,2026-01-21,ST01,P002,C037,1.0,1200,0,Completed
ORD1038,2026-01-21,ST03,P004,C038,1.0,800,0,Completed
ORD1039,2026-01-22,ST02,P006,C039,2.0,150,0,Completed
ORD1040,2026-01-22,ST01,P003,C040,1.0,250,0,Completed
ORD1041,2026-01-23,ST03,P001,C041,2.0,500,0,Completed
ORD1041,2026-01-23,ST03,P001,C041,2.0,500,0,Completed
ORD1042,2026-01-24,ST01,P002,C042,,1200,0,Completed
ORD1043,not-a-date,ST02,P003,C043,1.0,250,0,Completed
ORD1044,2026-01-25,ST99,P004,C044,1.0,800,0,Completed
ORD1045,2026-01-25,ST01,P999,C045,1.0,500,0,Completed
ORD1046,2026-01-26,ST02,P005,C046,-2.0,1500,0,Completed
ORD1047,2026-01-26,ST03,P006,C047,1.0,-150,0,Completed
ORD1048,2026-01-27,ST01,P007,C048,1.0,2200,3000,Completed
ORD1049,2026-01-27,ST02,P001,C049,1.0,500,0,unknown
ORD1050,2026-01-28,ST03,P002,C050,1.0,1200,0,Completed
ORD1051,2026-01-28,ST01,P003,C051,1.0,250,0,Completed
ORD1052,2026-01-29,ST02,P004,C052,1.0,800,0,Completed
ORD1053,2026-01-29,ST03,P005,C053,1.0,1500,0,Completed
ORD1054,2026-01-30,ST01,P006,C054,1.0,150,0,Completed
ORD1055,2026-01-30,ST02,P007,C055,1.0,2200,0,Completed
ORD1056,2026-01-31,ST03,P001,C056,1.0,500,0,Completed
ORD1057,2026-02-01,ST01,P002,C057,1.0,1200,0,Completed
ORD1058,2026-02-01,ST02,P003,C058,1.0,250,0,Completed
ORD1059,2026-02-02,ST03,P004,C059,1.0,800,0,Completed
ORD1060,2026-02-02,ST01,P005,C060,1.0,1500,0,Completed
ORD1061,2026-02-03,ST02,P006,C061,1.0,150,0,Completed
ORD1062,2026-02-03,ST03,P007,C062,1.0,2200,0,Completed
ORD1063,2026-02-04,ST01,P001,C063,1.0,500,0,Completed
ORD1064,2026-02-04,ST02,P002,C064,1.0,1200,0,Completed
ORD1065,2026-02-05,ST03,P003,C065,1.0,250,0,Completed
ORD1066,2026-02-05,ST01,P004,C066,1.0,800,0,Completed
ORD1067,2026-02-06,ST02,P005,C067,1.0,1500,0,Completed
ORD1068,2026-02-06,ST03,P006,C068,1.0,150,0,Completed
ORD1069,2026-02-07,ST01,P007,C069,1.0,2200,0,Completed
ORD1070,2026-02-07,ST02,P001,C070,1.0,500,0,Completed
ORD1071,2026-02-08,ST03,P002,C071,1.0,1200,0,Completed
ORD1072,2026-02-08,ST01,P003,C072,1.0,250,0,Completed
ORD1073,2026-02-09,ST02,P004,C073,1.0,800,0,Completed
ORD1074,2026-02-09,ST03,P005,C074,1.0,1500,0,Completed
ORD1075,2026-02-10,ST01,P006,C075,1.0,150,0,Completed
